games_played,minutes_avg,points_avg,rebounds_avg,assists_avg,steals_avg,blocks_avg,turnovers_avg,plus_minus_avg,fg_pct,fg3_pct,ft_pct,usage_rate,efficiency_rating,points_trend_5,minutes_trend_5,fg_pct_trend_5,plus_minus_trend_5,consistency_score,recent_form_score,injury_games_missed,position_weight,player_id,player_name,team_id,season,total_games,per,true_shooting_pct,usage_rate_advanced
26,18.708076923076923,9.076923076923077,3.3076923076923075,1.1923076923076923,0.5,0.23076923076923078,0.5769230769230769,-0.6538461538461539,0.42105263157894735,0.32673267326732675,0.6825396825396826,1.0,8.73076923076923,10.2,21.97533333333333,-0.07142857142857145,1.0,0.5256978907979104,10.460325781125178,2,1.0,1630639,A.J. Lawson,1610612761,2024-25,26,0,0,0
73,22.727968036529685,7.410958904109589,2.3835616438356166,1.4794520547945205,0.5068493150684932,0.0958904109589041,0.547945205479452,3.1095890410958904,0.42924528301886794,0.42699724517906334,0.8148148148148148,1.0,7.945205479452055,3.1999999999999997,15.17233333333333,-0.03146853146853146,15.8,0.6051219166767954,7.717349527630805,2,1.0,1631260,AJ Green,1610612749,2024-25,73,0,0,0
29,22.013333333333332,7.586206896551724,2.0344827586206895,2.6206896551724137,0.41379310344827586,0.10344827586206896,1.206896551724138,-5.241379310344827,0.38497652582159625,0.26666666666666666,0.8648648648648649,1.0,6.862068965517241,8.4,33.102666666666664,-0.1885245901639344,-21.4,0.5667031562849999,10.799694197186785,5,1.0,1642358,AJ Johnson,1610612764,2024-25,29,0,0,0
51,28.36699346405229,14.666666666666666,4.8431372549019605,3.215686274509804,0.45098039215686275,0.27450980392156865,1.4313725490196079,5.901960784313726,0.5311871227364185,0.436046511627907,0.8100558659217877,1.0,16.784313725490197,-0.20000000000000284,-2.366666666666667,0.01303780964797907,3.3999999999999995,0.6358038319291561,18.00635551848521,4,1.0,203932,Aaron Gordon,1610612743,2024-25,51,0,0,0
62,12.778172043010754,5.483870967741935,1.2580645161290323,1.3387096774193548,0.3064516129032258,0.1774193548387097,0.5967741935483871,1.4193548387096775,0.43656716417910446,0.39779005524861877,0.8292682926829268,1.0,5.419354838709677,3.2,3.2699999999999996,0.038461538461538436,-4.6,0.5188590982909572,6.784934461698396,2,1.0,1628988,Aaron Holiday,1610612745,2024-25,62,0,0,0
45,24.924851851851848,12.022222222222222,3.9555555555555557,1.2,0.7777777777777778,0.37777777777777777,0.8222222222222222,4.4,0.5065963060686016,0.4307692307692308,0.9125,1.0,13.2,5.0,-0.5676666666666677,0.07111436950146627,5.800000000000001,0.6498604899533558,13.982013575599215,2,1.0,1630174,Aaron Nesmith,1610612754,2024-25,45,0,0,0
76,22.946052631578947,12.026315789473685,3.8815789473684212,1.763157894736842,0.7894736842105263,0.23684210526315788,0.9078947368421053,6.7631578947368425,0.4876373626373626,0.3834808259587021,0.8314606741573034,1.0,12.68421052631579,7.599999999999998,8.58366666666667,-0.08204334365325083,2.0,0.6057949760574902,17.408190673018645,2,1.0,1630598,Aaron Wiggins,1610612760,2024-25,76,0,0,0
37,5.48554054054054,1.7567567567567568,0.7297297297297297,0.32432432432432434,0.21621621621621623,0.08108108108108109,0.10810810810810811,0.1891891891891892,0.2604166666666667,0.19444444444444445,0.5,1.0,1.054054054054054,2.4000000000000004,9.82,-0.6521739130434783,4.6,0.3671295061463102,3.5599845520523616,6,1.0,1641745,Adam Flagler,1610612760,2024-25,37,0,0,0
58,15.595689655172414,5.810344827586207,4.224137931034483,0.46551724137931033,0.4482758620689655,1.1896551724137931,1.0517241379310345,-1.9310344827586208,0.703125,0.0,0.67,1.0,9.53448275862069,13.399999999999999,28.505000000000003,-0.30952380952380953,-10.4,0.4918723544321922,14.995077980504927,4,1.0,1641737,Adem Bona,1610612755,2024-25,58,0,0,0
36,16.582083333333333,6.5,1.8888888888888888,1.7777777777777777,0.6944444444444444,0.1111111111111111,0.8055555555555556,3.5277777777777777,0.4945652173913043,0.38333333333333336,0.8285714285714286,1.0,7.416666666666667,2.8,3.083666666666671,-0.06442577030812324,-5.2,0.5809883713681329,9.029992321924846,1,1.0,1642349,Ajay Mitchell,1610612760,2024-25,36,0,0,0
60,27.642888888888887,8.966666666666667,6.15,2.1333333333333333,0.6,0.85,0.7666666666666667,6.616666666666666,0.4229934924078091,0.3630573248407643,0.8947368421052632,1.0,13.433333333333334,5.4,3.7183333333333266,-0.09393939393939393,2.4000000000000004,0.6180738534174529,12.556485731289499,1,1.0,201143,Al Horford,1610612738,2024-25,60,0,0,0
49,17.62238095238095,7.26530612244898,2.5306122448979593,1.1224489795918366,0.5714285714285714,0.14285714285714285,0.5918367346938775,2.2448979591836733,0.42435424354243545,0.4251207729468599,0.7755102040816326,1.0,7.63265306122449,4.999999999999999,2.3626666666666694,-0.08695652173913043,5.0,0.553858251466509,11.411662611563708,5,1.0,202692,Alec Burks,1610612748,2024-25,49,0,0,0
54,19.271018518518517,7.074074074074074,2.9444444444444446,2.537037037037037,1.6111111111111112,0.5555555555555556,0.6851851851851852,5.944444444444445,0.445859872611465,0.35294117647058826,0.8235294117647058,1.0,10.648148148148149,6.6000000000000005,-0.6966666666666619,0.17857142857142855,-5.0,0.5946298337590639,9.572365684238067,4,1.0,1627936,Alex Caruso,1610612760,2024-25,54,0,0,0
21,5.968650793650793,1.7142857142857142,1.2380952380952381,0.23809523809523808,0.23809523809523808,0.0,0.19047619047619047,-1.0476190476190477,0.4,0.47619047619047616,1.0,1.0,2.380952380952381,2.6,8.416,0.5,1.0,0.4212281981426742,1.9940442831671048,6,1.0,1642505,Alex Ducas,1610612760,2024-25,21,0,0,0
46,8.256304347826088,1.608695652173913,2.0652173913043477,0.8260869565217391,0.1956521739130435,0.45652173913043476,0.43478260869565216,-3.3260869565217392,0.5079365079365079,0.2222222222222222,0.47058823529411764,1.0,3.847826086956522,2.6,6.3180000000000005,0.16666666666666669,-4.4,0.4331791213338852,2.5387409766847973,3,1.0,203458,Alex Len,1610612747,2024-25,46,0,0,0
15,14.403111111111112,5.066666666666666,3.1333333333333333,0.26666666666666666,0.6666666666666666,0.6666666666666666,0.4,1.2666666666666666,0.48148148148148145,0.36585365853658536,0.75,1.0,7.333333333333333,1.6000000000000005,5.476000000000001,0.0,-10.4,0.6452804526950616,5.674049850144916,1,1.0,1642024,Alex Reese,1610612755,2024-25,15,0,0,0
67,27.07803482587065,12.970149253731343,6.492537313432836,2.4029850746268657,0.6567164179104478,1.507462686567164,1.7014925373134329,-8.149253731343284,0.39371980676328505,0.30791788856304986,0.6787878787878788,1.0,14.044776119402986,3.1999999999999993,1.4900000000000055,0.0018115942028985588,4.4,0.6898985060262823,12.635944445136866,4,1.0,1642259,Alex Sarr,1610612764,2024-25,67,0,0,0
76,31.512850877192978,19.092105263157894,10.342105263157896,4.894736842105263,1.105263157894737,0.8026315789473685,2.5526315789473686,5.394736842105263,0.49606299212598426,0.23333333333333334,0.6915887850467289,1.0,24.36842105263158,3.400000000000002,1.0536666666666683,0.11013698630136987,0.7999999999999998,0.7365473714523925,18.79229521057792,1,1.0,1630578,Alperen Sengun,1610612745,2024-25,76,0,0,0
69,32.25239130434783,14.057971014492754,8.173913043478262,3.8405797101449277,1.4057971014492754,1.289855072463768,2.0,3.8840579710144927,0.5566714490674318,0.27472527472527475,0.6842105263157895,1.0,21.159420289855074,6.800000000000001,10.347000000000005,0.13186813186813184,8.4,0.6959442263234658,14.449273784467541,2,1.0,1641708,Amen Thompson,1610612745,2024-25,69,0,0,0
72,24.27138888888889,9.666666666666666,2.236111111111111,1.0694444444444444,0.5555555555555556,0.09722222222222222,0.625,-0.9166666666666666,0.47058823529411764,0.4089068825910931,0.8914728682170543,1.0,9.055555555555555,-2.8,-11.508666666666672,-0.08012820512820507,-7.2,0.6378069969099317,5.597363320425419,3,1.0,1629599,Amir Coffey,1610612746,2024-25,72,0,0,0
40,18.765833333333333,7.325,7.75,0.85,0.975,0.45,1.375,-6.125,0.5,0.15,0.6222222222222222,1.0,12.2,1.0,-6.713999999999999,0.0023501762632197054,-7.399999999999999,0.6298181886967595,8.591909392098318,4,1.0,203083,Andre Drummond,1610612755,2024-25,40,0,0,0
67,14.62823383084577,3.4328358208955225,2.716417910447761,1.2388059701492538,0.5074626865671642,0.208955223880597,0.8656716417910447,-0.4925373134328358,0.47715736040609136,0.39473684210526316,0.5,1.0,5.522388059701493,1.2,1.3603333333333314,0.19999999999999996,-4.4,0.5116462047724128,2.6875095224889143,3,1.0,1641748,Andre Jackson Jr.,1610612749,2024-25,67,0,0,0
65,28.933384615384618,10.046153846153846,3.3230769230769233,5.015384615384615,1.2153846153846153,0.16923076923076924,1.7230769230769232,3.1384615384615384,0.4582560296846011,0.2914285714285714,0.7941176470588235,1.0,13.123076923076923,0.7999999999999998,1.349333333333334,-0.036363636363636376,5.2,0.6638795771948977,8.23111153830196,2,1.0,1629614,Andrew Nembhard,1610612754,2024-25,65,0,0,0
60,30.704694444444442,17.966666666666665,4.483333333333333,2.6333333333333333,1.0,0.8333333333333334,1.65,-1.6666666666666667,0.44815256257449343,0.3735632183908046,0.7626459143968871,1.0,16.533333333333335,2.599999999999998,4.450333333333333,0.03783524904214558,4.199999999999999,0.7056170204791644,18.397495443106383,4,1.0,203952,Andrew Wiggins,1610612748,2024-25,60,0,0,0
70,32.74140476190477,19.257142857142856,2.7,4.814285714285714,0.8571428571428571,0.07142857142857142,2.0428571428571427,-3.142857142857143,0.42577777777777776,0.3625632377740304,0.9020618556701031,1.0,16.15714285714286,-4.800000000000001,-0.1529999999999987,-0.051025991792065684,-3.8000000000000003,0.6930530176775906,18.85656738671057,2,1.0,1629014,Anfernee Simons,1610612757,2024-25,70,0,0,0
78,24.19222222222222,9.435897435897436,2.948717948717949,3.076923076923077,1.1025641025641026,0.6153846153846154,1.7820512820512822,-0.5128205128205128,0.42258064516129035,0.31794871794871793,0.7614213197969543,1.0,10.205128205128204,3.799999999999999,3.353333333333328,-0.027383367139959425,2.0,0.6207668989546907,11.971747820100875,2,1.0,1641710,Anthony Black,1610612753,2024-25,78,0,0,0
51,33.4409477124183,24.725490196078432,11.568627450980392,3.549019607843137,1.1568627450980393,2.156862745098039,2.215686274509804,0.49019607843137253,0.5164835164835165,0.28225806451612906,0.7750677506775068,1.0,30.686274509803923,-8.8,-6.0070000000000014,-0.0403676561917774,5.2,0.7100563223352153,19.440949437825722,2,1.0,203076,Anthony Davis,1610612742,2024-25,51,0,0,0
79,36.34251054852321,27.556962025316455,5.69620253164557,4.544303797468355,1.1518987341772151,0.6455696202531646,3.151898734177215,3.6835443037974684,0.4472704714640198,0.39457459926017263,0.8366935483870968,1.0,24.139240506329113,1.8000000000000007,-1.8666666666666742,0.035235852886254804,6.6,0.7497980048361299,29.379166697595952,1,1.0,1630162,Anthony Edwards,1610612750,2024-25,79,0,0,0
51,7.795588235294119,2.5294117647058822,1.2941176470588236,0.3137254901960784,0.17647058823529413,0.0392156862745098,0.19607843137254902,-1.4313725490196079,0.48863636363636365,0.3225806451612903,0.66,1.0,2.9411764705882355,3.0000000000000004,14.133333333333331,-0.23636363636363633,-8.6,0.4766623031775329,5.004155272669079,3,1.0,1630264,Anthony Gill,1610612764,2024-25,51,0,0,0
44,14.98996212121212,6.931818181818182,1.4318181818181819,0.8863636363636364,0.4772727272727273,0.09090909090909091,0.6818181818181818,-3.409090909090909,0.45564516129032256,0.3953488372093023,0.8,1.0,5.909090909090909,17.8,29.78466666666667,0.28615384615384615,-5.8,0.4821459778021744,16.270478681031893,5,1.0,1641810,Antonio Reeves,1610612740,2024-25,44,0,0,0
25,8.694600000000001,1.92,2.04,0.44,0.04,0.6,0.84,-2.52,0.6774193548387096,0.0,0.46153846153846156,1.0,3.52,2.8,5.5699999999999985,0.7777777777777778,-4.0,0.4219170888511597,2.7934885102293303,5,1.0,1630574,Ariel Hukporti,1610612752,2024-25,25,0,0,0
59,22.503644067796614,10.067796610169491,5.135593220338983,2.2711864406779663,1.6610169491525424,0.6779661016949152,1.3559322033898304,1.1355932203389831,0.5347826086956522,0.22448979591836735,0.6408450704225352,1.0,13.966101694915254,6.4,12.76266666666667,0.09684519442406453,6.199999999999999,0.687081987052142,12.341062956327246,2,1.0,1641709,Ausar Thompson,1610612765,2024-25,59,0,0,0
73,34.93276255707762,20.205479452054796,4.506849315068493,5.767123287671233,1.1095890410958904,0.3013698630136986,2.4246575342465753,2.671232876712329,0.45998071359691417,0.3766478342749529,0.8770491803278688,1.0,21.17808219178082,4.800000000000001,1.4813333333333318,-0.0023468057366362594,9.0,0.7236826449048795,22.727984311320455,1,1.0,1630559,Austin Reaves,1610612747,2024-25,73,0,0,0
46,30.301811594202896,12.304347826086957,3.5,4.521739130434782,0.9347826086956522,0.391304347826087,1.5,-5.086956521739131,0.4922048997772829,0.328042328042328,0.7848101265822784,1.0,14.826086956521738,4.4,0.6166666666666707,0.12086720867208667,-9.8,0.6856248868346996,11.983528251573466,3,1.0,1630245,Ayo Dosunmu,1610612741,2024-25,46,0,0,0
78,34.278119658119664,18.076923076923077,9.602564102564102,4.32051282051282,1.2564102564102564,0.6794871794871795,2.0641025641025643,0.34615384615384615,0.48517520215633425,0.3574660633484163,0.7652439024390244,1.0,23.53846153846154,8.600000000000001,1.470000000000006,0.04838709677419356,12.0,0.7192684123394693,22.09858654278336,1,1.0,1628389,Bam Adebayo,1610612748,2024-25,78,0,0,0
31,12.383494623655913,3.6451612903225805,2.096774193548387,1.064516129032258,0.5483870967741935,0.06451612903225806,0.3870967741935484,0.9354838709677419,0.35454545454545455,0.3170731707317073,0.75,1.0,4.645161290322581,6.2,14.033333333333335,0.225,8.8,0.4217370264195349,6.043117319284174,5,1.0,1631248,Baylor Scheierman,1610612738,2024-25,31,0,0,0
63,19.516798941798942,5.26984126984127,2.8095238095238093,1.3492063492063493,0.6031746031746031,0.2222222222222222,0.3492063492063492,-0.9365079365079365,0.4181184668989547,0.3417085427135678,0.8888888888888888,1.0,7.2063492063492065,-0.5999999999999996,1.2450000000000028,-0.1374269005847953,6.8,0.5642276187254152,3.066863700382638,2,1.0,1641767,Ben Sheppard,1610612754,2024-25,63,0,0,0
51,21.954771241830063,5.019607843137255,4.7254901960784315,5.588235294117647,0.7450980392156863,0.45098039215686275,2.0,-1.0980392156862746,0.5201793721973094,0.0,0.7272727272727273,1.0,12.254901960784315,-5.8,-11.866,-0.43636363636363634,2.3999999999999995,0.5480829838205811,1.2440789939319998,4,1.0,1627732,Ben Simmons,1610612746,2024-25,51,0,0,0
72,29.851643518518514,16.055555555555557,5.319444444444445,1.8888888888888888,0.6527777777777778,0.3333333333333333,1.875,1.3055555555555556,0.45838218053927315,0.3402777777777778,0.8313253012048193,1.0,15.180555555555555,-1.0,1.370666666666672,-0.20467836257309946,3.2,0.6909383712210344,15.548204436453977,3,1.0,1631097,Bennedict Mathurin,1610612754,2024-25,72,0,0,0
59,33.00858757062147,12.322033898305085,4.983050847457627,3.3728813559322033,1.3220338983050848,0.6949152542372882,2.1186440677966103,-9.94915254237288,0.421474358974359,0.28125,0.745945945945946,1.0,13.661016949152541,-8.799999999999999,-4.950000000000003,-0.20714285714285707,6.8,0.6536451213807396,11.0440114409872,1,1.0,1641731,Bilal Coulibaly,1610612764,2024-25,59,0,0,0
28,18.838809523809523,5.142857142857143,5.642857142857143,1.1071428571428572,0.5714285714285714,0.8214285714285714,0.9642857142857143,-3.5714285714285716,0.5877192982456141,0.0,0.4,1.0,10.107142857142858,-1.2000000000000002,1.0680000000000014,-0.323049001814882,-3.8000000000000003,0.5768285246045757,4.68187940226336,1,1.0,202687,Bismack Biyombo,1610612759,2024-25,28,0,0,0
58,11.777701149425285,3.7413793103448274,1.0517241379310345,1.9655172413793103,0.6379310344827587,0.10344827586206896,0.9310344827586207,-0.15517241379310345,0.43548387096774194,0.29310344827586204,0.6229508196721312,1.0,4.362068965517241,1.6000000000000005,11.235333333333335,0.054655870445344146,-2.0,0.5124876930527453,5.807408550790627,5,1.0,1631104,Blake Wesley,1610612759,2024-25,58,0,0,0
49,25.38122448979592,13.877551020408163,8.387755102040817,2.122448979591837,0.7142857142857143,0.5306122448979592,1.163265306122449,1.9387755102040816,0.46554621848739497,0.3651685393258427,0.8356164383561644,1.0,17.73469387755102,1.6000000000000014,1.5680000000000014,-0.03102014710585227,13.0,0.6926041394835899,15.236195682882986,2,1.0,1626171,Bobby Portis,1610612749,2024-25,49,0,0,0
54,24.956635802469137,10.796296296296296,2.9444444444444446,2.7037037037037037,0.7592592592592593,0.2037037037037037,1.3703703703703705,1.962962962962963,0.4268292682926829,0.3633217993079585,0.8787878787878788,1.0,10.666666666666666,-1.0,-1.8930000000000007,0.07264150943396225,10.0,0.6379487588169672,10.130547410221038,3,1.0,203992,Bogdan Bogdanović,1610612746,2024-25,54,0,0,0
36,12.45787037037037,6.777777777777778,2.888888888888889,0.6111111111111112,0.25,0.6944444444444444,0.5555555555555556,-1.0277777777777777,0.5245901639344263,0.34408602150537637,0.7692307692307693,1.0,8.083333333333334,0.7999999999999998,1.3176666666666659,0.24444444444444446,-0.6,0.5168972123568505,3.9220237848057615,7,1.0,1629626,Bol Bol,1610612756,2024-25,36,0,0,0
24,9.948749999999999,6.208333333333333,1.0416666666666667,1.3333333333333333,0.75,0.16666666666666666,1.0416666666666667,-1.2916666666666667,0.3983050847457627,0.3902439024390244,0.8846153846153846,1.0,5.375,-1.0000000000000004,-0.5733333333333333,0.3611111111111111,1.7999999999999998,0.5282511012054145,3.738920486977351,5,1.0,1630538,Bones Hyland,1610612750,2024-25,24,0,0,0
53,32.11682389937107,17.0188679245283,3.339622641509434,3.6792452830188678,1.0943396226415094,0.5283018867924528,1.8679245283018868,-5.150943396226415,0.49711815561959655,0.38636363636363635,0.8029197080291971,1.0,16.69811320754717,-3.1999999999999993,-3.9306666666666814,-0.08606150793650791,-9.200000000000001,0.6914320618077109,14.802222512031145,4,1.0,203078,Bradley Beal,1610612756,2024-25,53,0,0,0
32,7.700104166666666,3.8125,1.6875,0.4375,0.15625,0.65625,0.21875,1.28125,0.44329896907216493,0.3333333333333333,0.7777777777777778,1.0,4.71875,6.8,10.409999999999997,0.32589285714285715,0.3999999999999999,0.41920624520364047,6.282449477273362,6,1.0,1642382,Branden Carlson,1610612760,2024-25,32,0,0,0
64,26.817942708333334,11.671875,5.078125,3.4375,1.078125,0.203125,1.171875,4.078125,0.4451510333863275,0.37216828478964403,0.7578947368421053,1.0,14.484375,5.200000000000001,2.596333333333334,0.10790960451977405,-8.399999999999999,0.6169267660383257,17.12639711359935,3,1.0,1641764,Brandin Podziemski,1610612744,2024-25,64,0,0,0
42,23.637619047619047,10.666666666666666,3.1904761904761907,2.1904761904761907,1.2619047619047619,0.21428571428571427,1.2380952380952381,-3.3333333333333335,0.4356955380577428,0.35,0.788235294117647,1.0,10.738095238095237,0.0,-2.6793333333333322,-0.07165304839723441,-6.6,0.6535709048252231,8.276283184288292,2,1.0,1630527,Brandon Boston,1610612740,2024-25,42,0,0,0
64,18.857213541666667,8.34375,5.09375,1.03125,0.8125,0.5625,0.640625,2.828125,0.6210526315789474,0.058823529411764705,0.7011494252873564,1.0,12.546875,4.199999999999999,1.0836666666666712,0.24166666666666664,0.0,0.6633913631856903,9.70277935622493,1,1.0,1629634,Brandon Clarke,1610612763,2024-25,64,0,0,0
18,33.057314814814816,22.22222222222222,5.555555555555555,5.166666666666667,0.8888888888888888,0.6111111111111112,3.8333333333333335,-7.111111111111111,0.46546546546546547,0.3739130434782609,0.8545454545454545,1.0,20.27777777777778,-2.1999999999999993,-0.014666666666663275,-0.05681818181818182,-1.8000000000000007,0.7327231291023578,19.885761858958848,1,1.0,1627742,Brandon Ingram,1610612761,2024-25,18,0,0,0
27,34.20611111111111,21.037037037037038,4.851851851851852,3.6296296296296298,1.0740740740740742,0.7407407407407407,2.814814814814815,-4.592592592592593,0.40325865580448067,0.35494880546075086,0.8607594936708861,1.0,17.25925925925926,2.8000000000000007,8.359000000000002,-0.02714932126696834,-2.8,0.7227721057118801,19.69062673176313,3,1.0,1641706,Brandon Miller,1610612766,2024-25,27,0,0,0
33,14.761515151515152,8.333333333333334,1.7575757575757576,2.303030303030303,0.7272727272727273,0.15151515151515152,1.1818181818181819,0.30303030303030304,0.5212765957446809,0.4,0.8333333333333334,1.0,9.030303030303031,11.8,15.703666666666665,0.36752136752136755,6.2,0.5059928301639404,13.086935572725109,6,1.0,1630314,Brandon Williams,1610612742,2024-25,33,0,0,0
71,20.167910798122062,10.873239436619718,2.9577464788732395,1.5492957746478873,0.647887323943662,0.11267605633802817,1.5070422535211268,-4.014084507042254,0.4590984974958264,0.4220430107526882,0.8904109589041096,1.0,9.95774647887324,13.000000000000002,17.675666666666668,-0.032010243277848904,-0.6000000000000001,0.6043064531980187,17.214817054509393,2,1.0,1641729,Brice Sensabaugh,1610612762,2024-25,71,0,0,0
27,6.712716049382714,2.2962962962962963,0.6666666666666666,0.8148148148148148,0.3333333333333333,0.1111111111111111,0.48148148148148145,-2.6296296296296298,0.31343283582089554,0.28125,0.7857142857142857,1.0,1.9259259259259258,1.5999999999999999,7.818000000000001,0.043859649122807015,-2.2,0.3952098635405507,3.7686696967653686,8,1.0,1642355,Bronny James,1610612747,2024-25,27,0,0,0
80,31.825875000000003,13.0125,5.0125,1.7875,0.625,1.85,1.05,1.675,0.5090439276485789,0.3726541554959786,0.8260869565217391,1.0,16.1875,1.5999999999999996,-1.873000000000001,0.09615384615384615,2.6000000000000005,0.6690030156296475,13.593514468659803,1,1.0,201572,Brook Lopez,1610612749,2024-25,80,0,0,0
41,22.476341463414634,8.292682926829269,4.0,2.048780487804878,0.8292682926829268,0.24390243902439024,0.9512195121951219,-5.512195121951219,0.42071197411003236,0.3333333333333333,0.8153846153846154,1.0,9.804878048780488,3.5999999999999996,8.439000000000004,0.016522988505747127,7.4,0.5943457733315376,10.555021755703942,1,1.0,1628971,Bruce Brown,1610612740,2024-25,41,0,0,0
17,8.62235294117647,3.411764705882353,3.0,1.0588235294117647,0.23529411764705882,0.5294117647058824,0.8235294117647058,-1.2941176470588236,0.5306122448979592,0.0,0.75,1.0,5.9411764705882355,0.5999999999999996,0.924333333333335,0.18131868131868134,5.4,0.5617277994434332,3.420937679511134,3,1.0,1628981,Bruno Fernando,1610612761,2024-25,17,0,0,0
13,2.4628205128205134,1.0,0.23076923076923078,0.15384615384615385,0.07692307692307693,0.0,0.3076923076923077,-0.3076923076923077,0.2857142857142857,0.0,0.8333333333333334,1.0,0.3076923076923077,-1.2,-0.24333333333333318,-0.6,-2.8,0.41864488559389434,0.8150024856494738,4,1.0,1631121,Bryce McGowens,1610612757,2024-25,13,0,0,0
82,29.97304878048781,9.841463414634147,4.158536585365853,4.439024390243903,0.6585365853658537,0.25609756097560976,1.7195121951219512,-9.731707317073171,0.40106951871657753,0.33906633906633904,0.8117647058823529,1.0,11.975609756097562,5.200000000000001,8.878666666666664,-0.010510510510510496,-0.8000000000000007,0.6372110508868085,15.62836116183102,1,1.0,1642267,Bub Carrington,1610612764,2024-25,82,0,0,0
82,22.71936991869919,11.121951219512194,3.2195121951219514,1.6341463414634145,0.8414634146341463,0.2804878048780488,1.1097560975609757,1.7195121951219512,0.4173027989821883,0.3697632058287796,0.828125,1.0,10.268292682926829,-8.6,-1.8409999999999975,-0.0827922077922078,-6.2,0.6140192341900395,10.686456425859339,1,1.0,1627741,Buddy Hield,1610612744,2024-25,82,0,0,0
56,32.70854166666667,21.125,3.7857142857142856,4.053571428571429,0.8214285714285714,0.42857142857142855,1.8928571428571428,-4.982142857142857,0.444,0.37254901960784315,0.7167630057803468,1.0,17.517857142857142,0.7999999999999972,-1.2863333333333316,-0.03889555822328933,0.20000000000000018,0.6734793845586171,18.884519003996225,2,1.0,203468,CJ McCollum,1610612740,2024-25,56,0,0,0
70,35.027809523809516,26.142857142857142,6.071428571428571,9.114285714285714,1.0142857142857142,0.7571428571428571,4.414285714285715,2.5,0.46945778997940973,0.35645933014354064,0.845945945945946,1.0,26.82857142857143,7.799999999999997,-2.7893333333333317,0.09607843137254901,1.6,0.7813636513179057,30.3923681270753,3,1.0,1630595,Cade Cunningham,1610612765,2024-25,70,0,0,0
58,13.586034482758622,4.120689655172414,1.293103448275862,0.603448275862069,0.3793103448275862,0.10344827586206896,0.22413793103448276,-1.1379310344827587,0.42105263157894735,0.4,0.8823529411764706,1.0,4.344827586206897,5.4,17.559333333333335,0.2,1.0,0.4722447917803594,8.08353832456526,2,1.0,1631216,Caleb Houstan,1610612753,2024-25,58,0,0,0
45,27.067037037037043,7.911111111111111,3.933333333333333,2.111111111111111,1.0222222222222221,0.5111111111111111,1.2444444444444445,-3.4444444444444446,0.4243421052631579,0.3592233009708738,0.6224489795918368,1.0,9.533333333333333,-5.199999999999999,-12.327999999999996,0.026410564225690325,2.0,0.6074104533729271,6.189564271369286,4,1.0,1628997,Caleb Martin,1610612742,2024-25,45,0,0,0
13,4.511410256410256,1.3846153846153846,0.9230769230769231,0.46153846153846156,0.38461538461538464,0.07692307692307693,0.15384615384615385,-0.7692307692307693,0.2916666666666667,0.15384615384615385,0.5,1.0,1.6153846153846154,-0.19999999999999996,-2.137,0.0,-5.199999999999999,0.43932926307423453,1.1091345129551355,4,1.0,1642353,Cam Christie,1610612746,2024-25,13,0,0,0
33,17.86212121212121,3.1818181818181817,2.0,0.6666666666666666,1.0,0.30303030303030304,0.36363636363636365,-2.757575757575758,0.40425531914893614,0.2765957446808511,0.6153846153846154,1.0,4.787878787878788,-3.8,-7.9670000000000005,-0.5,-10.4,0.4732705067264855,1.7435813411019254,3,1.0,1629629,Cam Reddish,1610612747,2024-25,33,0,0,0
25,10.089733333333333,4.24,1.2,1.36,0.36,0.04,0.24,1.6,0.4146341463414634,0.36538461538461536,1.0,1.0,5.04,1.3999999999999995,-0.6676666666666655,-0.09999999999999998,1.1999999999999997,0.429349959648742,4.919344845747493,3,1.0,1642285,Cam Spencer,1610612763,2024-25,25,0,0,0
25,31.246266666666667,23.96,3.32,3.76,0.6,0.08,2.48,-3.68,0.43832599118942733,0.3487179487179487,0.8807947019867549,1.0,18.32,-4.599999999999998,-5.97033333333334,-0.02434343434343439,-2.5999999999999996,0.7641853340861614,23.169002254189266,2,1.0,1630560,Cam Thomas,1610612751,2024-25,25,0,0,0
51,16.207549019607846,9.352941176470589,2.9607843137254903,0.9607843137254902,0.6078431372549019,0.2549019607843137,0.9019607843137255,-0.0196078431372549,0.4441687344913151,0.3551912568306011,0.75,1.0,8.490196078431373,4.6,5.286333333333335,0.21621621621621623,-7.0,0.5622798215893087,10.850629993248502,4,1.0,1641715,Cam Whitmore,1610612745,2024-25,51,0,0,0
57,31.574795321637428,18.771929824561404,4.333333333333333,3.4035087719298245,0.9298245614035088,0.43859649122807015,1.736842105263158,-3.508771929824561,0.47523427041499333,0.3897058823529412,0.8933333333333333,1.0,18.842105263157894,0.8000000000000007,-6.296666666666674,0.056140350877192935,-0.5999999999999996,0.7447801428518773,17.506941881143142,3,1.0,1629661,Cameron Johnson,1610612751,2024-25,57,0,0,0
72,15.138564814814819,6.944444444444445,1.4444444444444444,2.8194444444444446,0.5416666666666666,0.2222222222222222,0.7222222222222222,2.8333333333333335,0.4013452914798206,0.36328125,0.9074074074074074,1.0,7.472222222222222,1.8000000000000007,2.1726666666666645,-0.012285012285012276,3.9999999999999996,0.5885617519076046,7.905540628840347,3,1.0,1626166,Cameron Payne,1610612752,2024-25,72,0,0,0
64,24.939166666666665,12.125,3.171875,3.359375,0.890625,0.515625,1.1875,4.03125,0.4674457429048414,0.3732394366197183,0.7096774193548387,1.0,13.1875,4.800000000000001,4.158333333333331,-0.17025862068965514,-14.799999999999999,0.6495385220911827,14.915241562461716,4,1.0,1627747,Caris LeVert,1610612737,2024-25,64,0,0,0
68,27.592058823529413,8.352941176470589,3.3676470588235294,2.5441176470588234,1.7647058823529411,0.5147058823529411,0.8676470588235294,5.426470588235294,0.47443762781186094,0.3557692307692308,0.8108108108108109,1.0,11.794117647058824,0.8000000000000007,2.590666666666664,0.07500000000000001,-11.4,0.6436388197174862,9.431469000388393,1,1.0,1641717,Cason Wallace,1610612760,2024-25,68,0,0,0
36,10.430972222222222,4.361111111111111,4.222222222222222,0.4722222222222222,0.3888888888888889,0.8333333333333334,0.6388888888888888,-3.5833333333333335,0.5811965811965812,0.0,0.6363636363636364,1.0,7.944444444444445,1.5999999999999999,4.0103333333333335,-0.4,-6.2,0.49306276994466647,3.5934597737367673,2,1.0,1629646,Charles Bassey,1610612759,2024-25,36,0,0,0
32,27.391875,14.96875,8.03125,1.96875,0.71875,2.21875,1.75,9.1875,0.4897360703812317,0.3793103448275862,0.753731343283582,1.0,19.6875,-1.5999999999999979,-0.06299999999999883,-0.07377049180327866,-4.199999999999999,0.6766818077586763,15.192189544240415,2,1.0,1631096,Chet Holmgren,1610612760,2024-25,32,0,0,0
50,17.246000000000002,10.04,4.48,0.66,0.48,0.5,0.58,0.1,0.4918918918918919,0.3626943005181347,0.7816091954022989,1.0,11.44,-1.5999999999999996,-0.7813333333333325,0.011513157894736836,4.0,0.597203284925894,7.352843936686381,2,1.0,1628449,Chris Boucher,1610612761,2024-25,50,0,0,0
17,4.380490196078432,2.1176470588235294,1.1764705882352942,0.5294117647058824,0.0,0.0,0.058823529411764705,0.7058823529411765,0.46153846153846156,0.4,0.75,1.0,2.823529411764706,-1.6,1.6943333333333337,-0.29166666666666663,-2.2,0.47810073281348064,1.2958057355393386,5,1.0,1630537,Chris Duarte,1610612741,2024-25,17,0,0,0
21,5.038571428571428,1.4285714285714286,1.6666666666666667,0.23809523809523808,0.23809523809523808,0.0,0.2857142857142857,-1.380952380952381,0.3333333333333333,0.0,0.75,1.0,2.238095238095238,2.2,3.671333333333333,-0.16666666666666669,-1.8000000000000003,0.37743353009255304,1.9440563567671945,5,1.0,1641753,Chris Livingston,1610612749,2024-25,21,0,0,0
82,27.95321138211382,8.817073170731707,3.6097560975609757,7.378048780487805,1.2560975609756098,0.2682926829268293,1.5731707317073171,0.04878048780487805,0.42710120068610635,0.37735849056603776,0.9239130434782609,1.0,15.597560975609756,-2.1999999999999993,-2.2716666666666683,-0.06675224646983313,-4.0,0.6616492987477112,9.649729178491187,1,1.0,101108,Chris Paul,1610612759,2024-25,82,0,0,0
79,33.86561181434599,15.417721518987342,5.189873417721519,2.5949367088607596,1.0759493670886076,0.46835443037974683,1.0253164556962024,6.075949367088608,0.5797807551766139,0.39732142857142855,0.8271028037383178,1.0,18.88607594936709,4.800000000000001,0.27166666666666117,0.14071428571428568,4.3999999999999995,0.7369431538819189,17.59390597593512,1,1.0,1631128,Christian Braun,1610612743,2024-25,79,0,0,0
37,9.23054054054054,2.4324324324324325,2.4864864864864864,0.43243243243243246,0.21621621621621623,0.43243243243243246,0.32432432432432434,-0.1891891891891892,0.6060606060606061,0.0,0.7142857142857143,1.0,4.864864864864865,0.0,-0.3533333333333317,0.050000000000000044,0.4,0.5373977621398974,3.3052750232589942,3,1.0,1631132,Christian Koloko,1610612747,2024-25,37,0,0,0
55,21.389696969696974,8.872727272727273,8.527272727272727,1.1272727272727272,0.6181818181818182,0.9636363636363636,0.8545454545454545,-1.4363636363636363,0.558974358974359,0.0,0.5360824742268041,1.0,15.309090909090909,-1.799999999999999,-5.3536666666666655,-0.1928571428571429,1.0,0.6533273639689224,6.415495551643057,1,1.0,203991,Clint Capela,1610612737,2024-25,55,0,0,0
74,33.11157657657658,20.39189189189189,3.689189189189189,4.45945945945946,0.9324324324324325,0.21621621621621623,2.391891891891892,-1.9054054054054055,0.45316681534344333,0.3698630136986301,0.9022801302931596,1.0,18.60810810810811,1.8000000000000007,-3.109333333333332,0.08959899749373434,7.0,0.7081298459314005,20.781727417028705,2,1.0,1629632,Coby White,1610612741,2024-25,74,0,0,0
53,22.135974842767297,6.754716981132075,4.226415094339623,1.9811320754716981,1.0566037735849056,0.6037735849056604,0.9622641509433962,-1.9811320754716981,0.41846153846153844,0.2847682119205298,0.7049180327868853,1.0,9.754716981132075,-8.2,-13.952333333333335,-0.18928571428571428,-8.399999999999999,0.6026916733195037,3.152604301210924,2,1.0,1628998,Cody Martin,1610612756,2024-25,53,0,0,0
50,21.192233333333334,4.6,2.26,1.18,0.46,0.32,0.88,-6.78,0.3229571984435798,0.25925925925925924,0.725,1.0,4.24,0.8000000000000003,0.34400000000000475,0.04166666666666666,-0.3999999999999986,0.5856083443590213,4.019373466862017,4,1.0,1642262,Cody Williams,1610612762,2024-25,50,0,0,0
39,13.19611111111111,4.0256410256410255,2.230769230769231,1.1282051282051282,0.6666666666666666,0.3333333333333333,0.5897435897435898,-2.871794871794872,0.4573643410852713,0.32653061224489793,0.6571428571428571,1.0,5.6923076923076925,9.4,30.89533333333334,0.391304347826087,-9.0,0.4037164817427468,9.962008225685498,3,1.0,1641732,Colby Jones,1610612764,2024-25,39,0,0,0
67,18.41960199004975,9.402985074626866,3.044776119402985,2.8507462686567164,0.6716417910447762,0.47761194029850745,1.537313432835821,-0.23880597014925373,0.42357274401473294,0.3532110091743119,0.8230088495575221,1.0,9.940298507462687,5.2,3.1013333333333346,0.2444444444444444,-0.6,0.5505531252644151,8.661498528881493,2,1.0,1630175,Cole Anthony,1610612753,2024-25,67,0,0,0
10,16.950000000000003,5.9,2.7,0.3,0.4,0.2,0.4,5.4,0.3492063492063492,0.3191489361702128,0.0,1.0,4.9,3.8,5.813333333333333,0.02564102564102566,-4.0,0.5736987709954035,6.723623346606167,1,1.0,1631306,Cole Swider,1610612761,2024-25,10,0,0,0
26,16.615,4.730769230769231,4.6923076923076925,1.0769230769230769,0.3076923076923077,0.38461538461538464,0.8846153846153846,-1.1538461538461537,0.46938775510204084,0.125,0.7631578947368421,1.0,7.961538461538462,6.8,19.568,0.5925925925925926,-1.2000000000000002,0.5304561754827791,7.013929102726803,4,1.0,1630658,Colin Castleton,1610612761,2024-25,26,0,0,0
33,13.97631313131313,5.878787878787879,2.3636363636363638,2.3636363636363638,0.6363636363636364,0.15151515151515152,0.5151515151515151,-0.8787878787878788,0.43037974683544306,0.43333333333333335,0.8636363636363636,1.0,8.06060606060606,8.2,20.075,-0.23636363636363633,-6.4,0.5126786023701729,10.603484055295356,2,1.0,1631221,Collin Gillespie,1610612756,2024-25,33,0,0,0
63,27.90095238095238,18.396825396825395,2.7142857142857144,4.190476190476191,0.746031746031746,0.09523809523809523,2.5396825396825395,-4.5396825396825395,0.4798154555940023,0.4059040590405904,0.8645418326693227,1.0,15.904761904761905,7.199999999999999,4.113333333333333,0.04649350649350642,-13.600000000000001,0.7593235320301995,20.348611235843453,1,1.0,1629012,Collin Sexton,1610612762,2024-25,63,0,0,0
61,26.254480874316936,11.557377049180328,2.9672131147540983,1.6885245901639345,0.4262295081967213,0.22950819672131148,1.0491803278688525,-4.491803278688525,0.45132743362831856,0.36363636363636365,0.8522727272727273,1.0,10.524590163934427,-0.8000000000000007,-6.728999999999999,0.061111111111111116,2.8,0.6656548799199135,10.152313308277565,2,1.0,1630557,Corey Kispert,1610612764,2024-25,61,0,0,0
50,12.23466666666667,3.54,1.48,1.44,0.52,0.08,0.36,0.7,0.4025974025974026,0.3644859813084112,0.7777777777777778,1.0,4.78,3.6000000000000005,14.35,0.07954545454545453,1.4,0.5024910967209613,5.424003596699481,3,1.0,202709,Cory Joseph,1610612753,2024-25,50,0,0,0
51,10.064019607843138,3.6862745098039214,1.3137254901960784,1.392156862745098,0.3333333333333333,0.29411764705882354,0.7450980392156863,-0.8823529411764706,0.5142857142857142,0.4375,0.71875,1.0,4.764705882352941,9.2,15.960000000000003,0.03902439024390242,-10.0,0.4318187737535298,8.112274021257736,3,1.0,1641854,Craig Porter Jr.,1610612739,2024-25,51,0,0,0
58,25.524454022988504,12.620689655172415,2.793103448275862,5.120689655172414,0.9655172413793104,0.39655172413793105,1.8620689655172413,0.0,0.390282131661442,0.3138888888888889,0.8344827586206897,1.0,12.913793103448276,-0.8000000000000007,-6.660999999999994,-0.06546014632268005,-11.4,0.6592726813842562,10.848586818845455,3,1.0,1626156,D'Angelo Russell,1610612751,2024-25,58,0,0,0
47,22.798014184397157,6.702127659574468,2.872340425531915,1.127659574468085,0.5531914893617021,0.5319148936170213,0.7446808510638298,-5.872340425531915,0.4054982817869416,0.3353658536585366,0.8,1.0,7.23404255319149,-3.200000000000001,5.289333333333335,-0.16785714285714282,-17.0,0.5809019392641159,7.707510774532675,3,1.0,1629610,DaQuan Jeffries,1610612766,2024-25,47,0,0,0
67,16.715597014925372,8.343283582089553,2.014925373134328,2.388059701492537,0.6417910447761194,0.5074626865671642,1.2835820895522387,-0.8208955223880597,0.3905325443786982,0.32432432432432434,0.728,1.0,7.492537313432836,10.0,26.644333333333336,-0.3371212121212121,-4.0,0.5348351061648982,13.149658570112427,3,1.0,1630625,Dalano Banton,1610612757,2024-25,67,0,0,0
73,13.522990867579907,4.465753424657534,1.6986301369863013,1.3287671232876712,0.6027397260273972,0.2054794520547945,0.726027397260274,-2.356164383561644,0.44776119402985076,0.3557692307692308,0.7101449275362319,1.0,5.273972602739726,3.1999999999999997,8.527000000000001,0.08333333333333331,-2.8,0.5236351971173029,5.792413523519333,2,1.0,1631207,Dalen Terry,1610612741,2024-25,73,0,0,0
78,19.151217948717942,9.051282051282051,2.769230769230769,0.8461538461538461,0.3076923076923077,0.10256410256410256,0.47435897435897434,-0.9358974358974359,0.4614003590664273,0.3764705882352941,0.7619047619047619,1.0,8.5,-0.1999999999999993,-4.145000000000003,0.015053763440860235,-6.199999999999999,0.5376206161551057,7.220133107246293,1,1.0,1642261,Dalton Knecht,1610612747,2024-25,78,0,0,0
58,36.083965517241374,24.948275862068964,4.689655172413793,7.068965517241379,1.206896551724138,0.1724137931034483,2.793103448275862,0.9137931034482759,0.4475806451612903,0.37595419847328243,0.9211195928753181,1.0,25.310344827586206,-3.8000000000000007,0.15566666666667572,-0.04107142857142854,3.8000000000000003,0.768455600327875,21.90822817195158,3,1.0,203081,Damian Lillard,1610612749,2024-25,58,0,0,0
15,24.69922222222222,7.266666666666667,3.3333333333333335,3.7333333333333334,1.0,0.13333333333333333,2.066666666666667,-11.266666666666667,0.3230769230769231,0.21428571428571427,0.8666666666666667,1.0,7.4,-3.2,-3.6886666666666663,-0.0726164079822616,11.4,0.6218564253427901,6.305303959472853,3,1.0,1641878,Damion Baugh,1610612766,2024-25,15,0,0,0
25,5.7607333333333335,3.32,0.8,0.44,0.24,0.0,0.4,1.0,0.36486486486486486,0.24324324324324326,0.9523809523809523,1.0,2.48,-0.20000000000000018,-4.539333333333332,0.23931623931623935,-1.4,0.5330333727190402,2.8952881671827564,7,1.0,1627814,Damion Lee,1610612756,2024-25,25,0,0,0
57,21.510438596491227,12.298245614035087,6.807017543859649,1.4035087719298245,0.40350877192982454,1.7894736842105263,1.1578947368421053,0.6140350877192983,0.7022332506203474,0.0,0.6887755102040817,1.0,18.36842105263158,2.4000000000000004,-0.15566666666666507,0.10584677419354838,0.20000000000000018,0.6682299408576807,11.047809525052251,1,1.0,1629655,Daniel Gafford,1610612742,2024-25,57,0,0,0
38,16.3484649122807,4.2631578947368425,4.315789473684211,1.5789473684210527,0.47368421052631576,0.5263157894736842,0.6578947368421053,-1.605263157894737,0.4728682170542636,0.24324324324324326,0.8378378378378378,1.0,8.552631578947368,-2.0,3.2123333333333335,-0.08119658119658119,-3.2,0.5375358891005502,4.311758172350104,2,1.0,1628464,Daniel Theis,1610612740,2024-25,38,0,0,0
20,18.615499999999997,8.7,1.65,2.8,0.6,0.15,1.1,-2.4,0.47761194029850745,0.4339622641509434,0.7419354838709677,1.0,8.9,-2.2,-2.9726666666666652,0.049227799227799185,2.4,0.5802125768416577,7.265350058066932,2,1.0,203957,Danté Exum,1610612742,2024-25,20,0,0,0
16,13.148958333333333,3.5,3.125,1.4375,0.4375,0.0625,0.9375,-3.0625,0.3620689655172414,0.2692307692307692,0.7,1.0,5.125,3.4000000000000004,2.7500000000000018,0.39583333333333337,8.399999999999999,0.49397502890899647,3.886511281825667,5,1.0,203967,Dario Šarić,1610612743,2024-25,16,0,0,0
20,12.303916666666666,5.7,1.45,0.6,0.3,0.05,0.75,-3.2,0.40625,0.44594594594594594,0.6,1.0,4.4,3.0,12.512999999999998,-0.08064516129032256,-4.2,0.48612753362219346,7.2055699344430115,7,1.0,1641727,Dariq Whitehead,1610612751,2024-25,20,0,0,0
75,30.676933333333334,20.586666666666666,2.8533333333333335,6.746666666666667,1.2133333333333334,0.14666666666666667,2.52,6.653333333333333,0.47189097103918226,0.4007561436672968,0.8784313725490196,1.0,20.346666666666668,2.0,4.963999999999999,-0.02028319938767703,-4.999999999999999,0.7458186222097327,19.528237706967563,1,1.0,1629636,Darius Garland,1610612739,2024-25,75,0,0,0
33,12.416767676767677,4.636363636363637,2.5454545454545454,1.0606060606060606,0.42424242424242425,0.2727272727272727,0.6666666666666666,-2.303030303030303,0.456,0.3114754098360656,0.7692307692307693,1.0,6.03030303030303,-5.0,-14.79666666666667,-0.1225,4.2,0.5068392432771051,4.315550500014061,6,1.0,1631223,David Roddy,1610612745,2024-25,33,0,0,0
74,27.396126126126124,7.945945945945946,2.2567567567567566,4.905405405405405,0.972972972972973,0.21621621621621623,1.7297297297297298,-0.04054054054054054,0.4684873949579832,0.3981042654028436,0.6904761904761905,1.0,10.797297297297296,4.200000000000001,3.1513333333333335,0.11728074727555787,11.4,0.6150158192769966,11.853555516147715,1,1.0,1630558,Davion Mitchell,1610612748,2024-25,74,0,0,0
50,18.149166666666666,7.94,6.6,1.82,0.82,0.84,1.26,1.28,0.5205047318611987,0.24444444444444444,0.7567567567567568,1.0,13.36,-1.4000000000000004,3.9033333333333324,0.06458333333333333,5.4,0.6504403941970297,7.111887360337129,1,1.0,1630549,Day'Ron Sharpe,1610612751,2024-25,50,0,0,0
62,36.14736559139786,23.532258064516128,4.806451612903226,6.32258064516129,1.467741935483871,0.4032258064516129,2.806451612903226,-1.1129032258064515,0.46345657781599314,0.30971128608923887,0.8270440251572327,1.0,22.774193548387096,-3.599999999999998,-3.755999999999993,-0.01221146686522706,-13.4,0.7352877836647644,18.67643753349352,2,1.0,1628368,De'Aaron Fox,1610612759,2024-25,62,0,0,0
64,27.187734374999998,17.0,4.03125,1.4375,0.78125,0.203125,1.28125,1.375,0.46981627296587924,0.40463917525773196,0.8464566929133859,1.0,15.25,-1.3999999999999986,1.1333333333333293,0.01830357142857142,4.0,0.7171380766805798,15.368590420427399,3,1.0,1629631,De'Andre Hunter,1610612739,2024-25,64,0,0,0
56,12.333958333333332,3.732142857142857,5.071428571428571,0.9464285714285714,0.2857142857142857,0.48214285714285715,0.7142857142857143,-0.8392857142857143,0.65,0.0,0.421875,1.0,8.267857142857142,0.6000000000000005,5.218000000000002,0.009049773755656076,-1.5999999999999996,0.5536448814507555,5.010098372805797,4,1.0,201599,DeAndre Jordan,1610612743,2024-25,56,0,0,0
77,35.94305194805195,22.207792207792206,3.8701298701298703,4.441558441558442,0.8051948051948052,0.4155844155844156,1.3636363636363635,1.4285714285714286,0.47706422018348627,0.328125,0.8571428571428571,1.0,20.675324675324674,-1.6000000000000014,-0.4579999999999913,-0.1298116298116298,-3.0,0.7450053939709536,22.34109088039611,2,1.0,201942,DeMar DeRozan,1610612758,2024-25,77,0,0,0
59,21.227994350282486,5.423728813559322,4.220338983050848,1.2881355932203389,0.711864406779661,0.3389830508474576,0.3728813559322034,4.813559322033898,0.4132841328413284,0.36036036036036034,0.5333333333333333,1.0,8.677966101694915,-1.7999999999999998,-3.949666666666669,-0.024242424242424232,-2.0,0.589742722837609,5.27361645828911,2,1.0,1629731,Dean Wade,1610612739,2024-25,59,0,0,0
40,30.140500000000003,14.4,10.15,1.6,0.775,0.975,1.725,-4.05,0.5662393162393162,0.1875,0.6666666666666666,1.0,20.6,-1.0,-3.478333333333339,-0.0498355679230964,0.5999999999999996,0.7021421442489394,15.80528046810192,2,1.0,1629028,Deandre Ayton,1610612757,2024-25,40,0,0,0
31,32.64994623655914,17.483870967741936,6.451612903225806,7.354838709677419,2.032258064516129,0.3870967741935484,3.4193548387096775,-6.67741935483871,0.39271255060728744,0.2988505747126437,0.8225806451612904,1.0,19.903225806451612,7.600000000000001,-0.4366666666666603,0.15339506172839507,16.6,0.7265648695119453,19.45537733223241,1,1.0,1627749,Dejounte Murray,1610612740,2024-25,31,0,0,0
40,15.862416666666666,3.125,1.65,1.925,0.875,0.3,0.55,0.025,0.3435114503816794,0.273972602739726,0.6,1.0,4.925,3.8,11.732333333333337,-0.06666666666666665,2.0,0.47279034638772566,5.627093918166109,7,1.0,1626153,Delon Wright,1610612752,2024-25,40,0,0,0
72,30.015949074074076,16.930555555555557,7.25,3.9027777777777777,0.9861111111111112,0.4861111111111111,2.7222222222222223,-1.0833333333333333,0.476303317535545,0.3654970760233918,0.7795698924731183,1.0,19.555555555555557,20.4,7.48833333333333,0.22506393861892582,3.8,0.6730219811788574,27.937079949610602,2,1.0,1630166,Deni Avdija,1610612757,2024-25,72,0,0,0
75,28.063711111111107,13.066666666666666,2.64,5.386666666666667,0.88,0.16,1.8933333333333333,-0.96,0.4062877871825877,0.3423180592991914,0.8379629629629629,1.0,13.226666666666667,-14.400000000000002,-4.876666666666669,-0.16030303030303028,-6.0,0.6514421275613613,11.195480337618411,1,1.0,203471,Dennis Schröder,1610612765,2024-25,75,0,0,0
36,23.131574074074074,8.722222222222221,7.5,2.361111111111111,0.5555555555555556,1.5555555555555556,1.1388888888888888,3.361111111111111,0.7015706806282722,0.0,0.6301369863013698,1.0,17.22222222222222,-3.8,-9.83966666666667,0.002178649237472796,-2.2,0.6640501382807428,8.271421103493697,2,1.0,1641726,Dereck Lively II,1610612742,2024-25,36,0,0,0
77,24.32971861471862,10.142857142857142,3.4155844155844157,0.7792207792207793,1.025974025974026,0.42857142857142855,0.8571428571428571,3.2337662337662336,0.5263157894736842,0.3561643835616438,0.7033898305084746,1.0,10.857142857142858,-2.4000000000000004,-5.388333333333332,-0.033333333333333326,3.2,0.6745883763111211,8.377074982769445,1,1.0,1627884,Derrick Jones Jr.,1610612746,2024-25,77,0,0,0
76,33.8633552631579,16.42105263157895,4.4868421052631575,4.75,0.9473684210526315,1.0526315789473684,1.7236842105263157,7.105263157894737,0.4421272158498436,0.3835021707670043,0.8385093167701864,1.0,18.55263157894737,-3.1999999999999993,0.07166666666667254,-0.050000000000000044,-4.200000000000001,0.7312683607656775,15.495535055517978,1,1.0,1628401,Derrick White,1610612738,2024-25,76,0,0,0
69,31.95978260869565,19.231884057971016,6.057971014492754,5.3478260869565215,1.1594202898550725,0.4057971014492754,2.449275362318841,2.072463768115942,0.48428290766208254,0.3923444976076555,0.8939393939393939,1.0,21.840579710144926,6.399999999999999,8.07533333333333,0.013888888888888895,4.6000000000000005,0.7137298517402304,22.22056534108092,2,1.0,1630217,Desmond Bane,1610612763,2024-25,69,0,0,0
75,37.266222222222225,25.64,4.066666666666666,7.053333333333334,0.8933333333333333,0.21333333333333335,2.933333333333333,-2.36,0.46056338028169014,0.33212341197822143,0.8944099378881988,1.0,24.04,0.8000000000000007,-1.086666666666673,0.0320909807454115,-9.2,0.7458087433401447,24.95561728917836,2,1.0,1626164,Devin Booker,1610612756,2024-25,75,0,0,0
36,10.998425925925924,3.8333333333333335,2.111111111111111,1.1388888888888888,0.5833333333333334,0.1111111111111111,0.5,1.1944444444444444,0.3700787401574803,0.29508196721311475,0.5909090909090909,1.0,4.555555555555555,-1.6000000000000005,2.468333333333332,-0.037037037037037035,3.6000000000000005,0.48780309936301336,3.111899626886666,2,1.0,1642269,Devin Carter,1610612758,2024-25,36,0,0,0
64,30.987265625,16.265625,3.984375,2.859375,1.3125,0.515625,1.375,-4.09375,0.4431946006749156,0.3682983682983683,0.7916666666666666,1.0,15.4375,-1.0,8.511333333333333,-0.0201271186440678,11.600000000000001,0.710827624444437,16.052239074352347,2,1.0,1630170,Devin Vassell,1610612759,2024-25,64,0,0,0
75,31.843488888888885,14.04,3.6666666666666665,1.7066666666666668,0.8,0.21333333333333335,1.0133333333333334,2.76,0.42905027932960893,0.39658848614072495,0.8181818181818182,1.0,12.306666666666667,3.4000000000000004,-9.790666666666667,0.13810420590081607,-10.399999999999999,0.6749707489556717,14.649232893710781,1,1.0,1628415,Dillon Brooks,1610612745,2024-25,75,0,0,0
54,10.21283950617284,2.5,2.240740740740741,1.0740740740740742,0.2962962962962963,0.07407407407407407,0.5185185185185185,1.3888888888888888,0.38345864661654133,0.25396825396825395,0.6071428571428571,1.0,3.9444444444444446,3.1999999999999997,14.856333333333334,0.13392857142857145,5.8,0.43316912693504717,3.9003017202296086,5,1.0,1641794,Dillon Jones,1610612760,2024-25,54,0,0,0
70,34.698238095238096,19.1,13.885714285714286,6.042857142857143,0.6857142857142857,0.37142857142857144,2.8857142857142857,2.057142857142857,0.5901455767077267,0.4166666666666667,0.754325259515571,1.0,30.957142857142856,-2.799999999999997,-0.25566666666666293,0.015112704918032738,-7.800000000000001,0.761893807930681,19.85986936376028,2,1.0,1627734,Domantas Sabonis,1610612758,2024-25,70,0,0,0
35,10.714238095238095,4.228571428571429,2.4285714285714284,0.5428571428571428,0.2571428571428571,0.45714285714285713,0.14285714285714285,-0.05714285714285714,0.5309734513274337,0.25925925925925924,0.6363636363636364,1.0,5.914285714285715,2.5999999999999996,6.266666666666666,0.23809523809523808,6.2,0.4925491784658706,4.3968224042419815,6,1.0,1631230,Dominick Barlow,1610612737,2024-25,35,0,0,0
67,19.755870646766173,6.507462686567164,7.865671641791045,1.1492537313432836,0.5074626865671642,1.6417910447761195,1.0746268656716418,-0.029850746268656716,0.5389221556886228,0.2857142857142857,0.5961538461538461,1.0,13.671641791044776,5.8,14.661666666666662,-0.09011627906976749,-2.2,0.5801794128688071,9.714406199210565,3,1.0,1642270,Donovan Clingan,1610612757,2024-25,67,0,0,0
71,31.437089201877935,23.95774647887324,4.535211267605634,4.985915492957746,1.3380281690140845,0.23943661971830985,2.0985915492957745,7.352112676056338,0.4431818181818182,0.36808846761453395,0.8232044198895028,1.0,21.704225352112676,3.0,3.6530000000000022,-0.01578947368421052,-10.4,0.7486064394291074,23.28506872400119,1,1.0,1628378,Donovan Mitchell,1610612739,2024-25,71,0,0,0
62,25.898924731182795,11.661290322580646,3.6774193548387095,3.629032258064516,1.1774193548387097,0.27419354838709675,1.596774193548387,2.806451612903226,0.42158516020236086,0.3972602739726027,0.7777777777777778,1.0,13.064516129032258,5.0,-2.1083333333333343,0.2355442176870748,5.8,0.6552454275630927,11.69178241902099,1,1.0,1628978,Donte DiVincenzo,1610612750,2024-25,62,0,0,0
63,28.86791005291006,8.714285714285714,3.9206349206349205,1.4285714285714286,0.9206349206349206,0.36507936507936506,0.8888888888888888,4.904761904761905,0.4482758620689655,0.410828025477707,0.6666666666666666,1.0,10.412698412698413,0.8000000000000007,2.0850000000000044,0.14643304130162704,10.799999999999999,0.6294816686216108,10.514379698474558,3,1.0,1627827,Dorian Finney-Smith,1610612747,2024-25,63,0,0,0
42,8.134563492063492,3.5,0.5238095238095238,0.16666666666666666,0.09523809523809523,0.047619047619047616,0.14285714285714285,0.6428571428571429,0.42735042735042733,0.43564356435643564,0.6,1.0,2.5476190476190474,2.8000000000000003,4.470333333333334,0.0757575757575758,4.6,0.4325465288471673,4.499796831020479,5,1.0,203926,Doug McDermott,1610612758,2024-25,42,0,0,0
68,29.16627450980392,9.014705882352942,6.088235294117647,5.632352941176471,1.4558823529411764,1.0294117647058822,2.5588235294117645,4.044117647058823,0.4243614931237721,0.3252032520325203,0.6870748299319728,1.0,15.676470588235293,1.4000000000000004,4.588333333333331,-0.02956989247311831,-9.8,0.6372934030886619,8.558226537408785,3,1.0,203110,Draymond Green,1610612744,2024-25,68,0,0,0
61,12.229672131147542,4.590163934426229,3.7049180327868854,0.8852459016393442,0.19672131147540983,0.639344262295082,0.6721311475409836,-2.0655737704918034,0.5927835051546392,0.5,0.6619718309859155,1.0,7.655737704918033,0.20000000000000018,-4.715999999999999,0.06153846153846154,-0.7999999999999998,0.5446205845015413,2.3965276609618518,3,1.0,1629234,Drew Eubanks,1610612746,2024-25,61,0,0,0
25,7.445866666666668,2.16,1.6,0.52,0.2,0.08,0.32,1.84,0.4146341463414634,0.3939393939393939,0.7777777777777778,1.0,3.2,-0.3999999999999999,-4.862,0.0,0.0,0.47870913634417245,1.7260518055083522,9,1.0,1641809,Drew Peterson,1610612738,2024-25,25,0,0,0
14,19.1575,6.214285714285714,2.5714285714285716,1.6428571428571428,1.5,0.42857142857142855,1.2142857142857142,2.7142857142857144,0.5081967213114754,0.5333333333333333,0.75,1.0,8.785714285714286,6.000000000000001,15.154333333333327,0.07692307692307687,-2.0,0.5606258441161613,8.208714866285167,2,1.0,1630696,Dru Smith,1610612748,2024-25,14,0,0,0
74,24.12966216216216,11.04054054054054,2.2567567567567566,2.3783783783783785,0.5405405405405406,0.08108108108108109,1.162162162162162,0.8918918918918919,0.4374057315233786,0.39337474120082816,0.8867924528301887,1.0,10.013513513513514,7.199999999999999,7.072666666666667,0.1648809523809524,0.0,0.6383151909986968,11.34502901648621,2,1.0,1629130,Duncan Robinson,1610612748,2024-25,74,0,0,0
46,10.204927536231885,4.217391304347826,2.0,0.5652173913043478,0.2608695652173913,0.30434782608695654,0.34782608695652173,-1.1956521739130435,0.42168674698795183,0.32075471698113206,0.9090909090909091,1.0,4.869565217391305,4.3999999999999995,11.065333333333335,0.06666666666666671,-7.800000000000001,0.4937466190514313,6.296301275397555,6,1.0,1641871,Duop Reath,1610612757,2024-25,46,0,0,0
55,10.015636363636364,2.0727272727272728,2.1454545454545455,1.0,0.32727272727272727,0.38181818181818183,0.32727272727272727,-0.2545454545454545,0.6885245901639344,0.4,0.6511627906976745,1.0,4.9818181818181815,0.0,4.443333333333333,-0.6666666666666667,0.0,0.452329329099327,2.03912690110762,2,1.0,203939,Dwight Powell,1610612742,2024-25,55,0,0,0
76,33.83118421052632,14.118421052631579,5.907894736842105,4.381578947368421,3.013157894736842,0.7236842105263158,2.039473684210526,-0.8552631578947368,0.49295774647887325,0.3404255319148936,0.5928571428571429,1.0,19.19736842105263,-0.5999999999999996,1.4566666666666634,-0.038461538461538436,1.6,0.722984926096004,14.440440485951912,1,1.0,1630700,Dyson Daniels,1610612737,2024-25,76,0,0,0
12,4.4047222222222215,1.75,0.75,0.25,0.08333333333333333,0.08333333333333333,0.16666666666666666,-0.6666666666666666,0.5333333333333333,0.3,1.0,1.0,2.1666666666666665,-1.4000000000000001,-1.2280000000000002,-0.025000000000000022,-3.8,0.42617963916787693,1.749193447923946,2,1.0,1630604,E.J. Liddell,1610612741,2024-25,12,0,0,0
24,21.283541666666665,3.5416666666666665,3.2916666666666665,6.916666666666667,1.0,0.4583333333333333,2.4583333333333335,-6.208333333333333,0.32786885245901637,0.16666666666666666,0.5714285714285714,1.0,9.208333333333334,-5.799999999999999,0.553333333333331,-0.3389074693422519,-10.8,0.4917017069407312,3.0301594606079574,2,1.0,203901,Elfrid Payton,1610612740,2024-25,24,0,0,0
10,13.799999999999997,3.2,2.1,0.8,1.0,0.1,0.3,3.1,0.3142857142857143,0.28,0.5,1.0,4.2,0.8000000000000003,-3.526666666666669,0.11842105263157893,-5.3999999999999995,0.46903558357685565,3.019166234944423,1,1.0,1641989,Elijah Harkless,1610612762,2024-25,10,0,0,0
